SUBURB,Suburb,Latitude,Longitude,Distance_to_Beach,Price,Land_Area
Alexander Heights,Alexander Heights,-31.827132625752213,115.86463227876106,10907.0,449097.34513274336,625.787610619469
Alfred Cove,Alfred Cove,-32.033900413699996,115.815981311,2983.0,849335.0,577.79
Alkimos,Alkimos,-31.6157474409375,115.68766776979167,2268.0,414229.1666666667,10647.875
Anketell,Anketell,-32.21554692,115.87723335333334,9941.0,1005266.6666666666,20896.4
Applecross,Applecross,-32.01348981589041,115.83847697945205,1876.0,1396130.1369863013,703.917808219178
Ardross,Ardross,-32.02677086308411,115.83807494018693,1368.0,1066472.7476635515,547.1495327102804
Armadale,Armadale,-32.14852798842105,116.00421766491229,4080.0,249043.8596491228,859.3684210526316
Ascot,Ascot,-31.934462449224135,115.92816311120689,615.0,806406.0344827586,686.0086206896551
Ashby,Ashby,-31.73352359030675,115.79913741656442,7217.0,483774.5398773006,516.1595092024539
Ashfield,Ashfield,-31.917406229246577,115.93788223219178,643.0,493561.6438356164,663.8493150684932
Attadale,Attadale,-32.02660570619047,115.80202275428572,1535.0,1208154.8285714285,797.2095238095238
Atwell,Atwell,-32.14384870712575,115.86513956766467,9530.0,535864.6347305389,584.6826347305389
Aubin Grove,Aubin Grove,-32.169358978731346,115.86326956492537,8425.0,571357.5820895522,565.6044776119403
Aveley,Aveley,-31.7830763048,115.9860228528,11525.0,436060.0,24519.408
Balcatta,Balcatta,-31.878238609384614,115.82493397692308,6766.0,517947.6923076923,737.4769230769231
Baldivis,Baldivis,-32.340041759204546,115.8132471340909,6505.0,421542.61363636365,1428.409090909091
Balga,Balga,-31.854137022962963,115.84037326296296,8357.0,310759.25925925927,530.0925925925926
Ballajura,Ballajura,-31.842911240081303,115.89932429105691,9618.0,424641.60975609755,650.9674796747968
Banjup,Banjup,-32.15572683827586,115.88308341724138,10604.0,1119134.0689655172,20043.44827586207
Banksia Grove,Banksia Grove,-31.69750961960265,115.8039845807947,3586.0,381361.5894039735,496.5165562913907
Baskerville,Baskerville,-31.797749556111114,116.04985554444445,11336.0,886722.2222222222,53950.444444444445
Bassendean,Bassendean,-31.905277026627907,115.94794521046511,1846.0,545162.7325581395,776.7906976744187
Bateman,Bateman,-32.05539238102804,115.84717311401869,1924.0,805541.1214953271,736.7476635514018
Bayswater,Bayswater,-31.919540133555554,115.91440875111111,1455.0,607845.9777777778,642.7
Beaconsfield,Beaconsfield,-32.06878339269231,115.76662787884615,1538.0,782163.9423076923,584.2403846153846
Beckenham,Beckenham,-32.02100889257576,115.9632692560606,7575.0,403490.7272727273,794.060606060606
Bedford,Bedford,-31.90990929512195,115.8912204097561,3736.0,663263.8414634146,622.7073170731708
Bedfordale,Bedfordale,-32.16337118514851,116.05994834356434,8462.0,747199.801980198,10602.60396039604
Beechboro,Beechboro,-31.86856162168317,115.93893700099011,4949.0,385284.1584158416,716.2871287128713
Beeliar,Beeliar,-32.13287531766424,115.81113447664234,4704.0,531295.9854014599,614.7664233576643
Beldon,Beldon,-31.775225693611112,115.76374070902777,2955.0,487809.8263888889,704.0347222222222
Belhus,Belhus,-31.775571136129034,116.00693444516129,12436.0,788564.5161290322,14663.09677419355
Bellevue,Bellevue,-31.902716806153844,116.03398833942308,4390.0,362396.53846153844,887.6442307692307
Belmont,Belmont,-31.947767578387097,115.93470321612904,2166.0,499492.1129032258,784.9032258064516
Bennett Springs,Bennett Springs,-31.858838717272725,115.93348918000001,5945.0,486220.3333333333,710.1030303030303
Bentley,Bentley,-32.00819083492754,115.91635210869565,3726.0,453018.115942029,670.3768115942029
Bertram,Bertram,-32.24779227263158,115.8449503,8048.0,386795.2153110048,542.5645933014354
Bibra Lake,Bibra Lake,-32.0939832075,115.82788485258621,6312.0,553661.3275862068,643.0431034482758
Bickley,Bickley,-32.002165238888885,116.09271397777778,14362.0,678003.9682539683,14886.587301587302
Bicton,Bicton,-32.028006128552626,115.7861921118421,822.0,1081996.9342105263,732.5526315789474
Booragoon,Booragoon,-32.039936146931815,115.83402311818182,2189.0,893403.4090909091,809.9431818181819
Boya,Boya,-31.91744170849462,116.05386960645161,6798.0,520648.3870967742,2338.6559139784945
Brabham,Brabham,-31.816929845365856,115.96859250000001,8052.0,454992.7073170732,625.170731707317
Brentwood,Brentwood,-32.04367412873016,115.85157621190477,782.0,729470.2380952381,640.3253968253969
Brigadoon,Brigadoon,-31.78230127593023,116.07505535116279,14052.0,751143.8953488372,21898.197674418603
Brookdale,Brookdale,-32.16839548937008,116.00338578503937,6212.0,299138.56692913384,566.9291338582677
Bull Creek,Bull Creek,-32.057294246,115.86329681875,1778.0,814843.75,713.3375
Bullsbrook,Bullsbrook,-31.660160598275866,116.04853256666667,24057.0,501961.4942528736,17998.287356321838
Burns Beach,Burns Beach,-31.7251283162069,115.72549203706896,857.0,914279.1206896552,567.801724137931
Burswood,Burswood,-31.962852501818183,115.89777953939394,1893.0,966151.5151515151,423.09090909090907
Butler,Butler,-31.64332486109948,115.70423590523559,2048.0,382353.40314136125,470.78534031413614
Byford,Byford,-32.21983752460177,115.99277152654868,11825.0,421809.73451327434,774.2300884955753
Calista,Calista,-32.24629057860215,115.80613555268818,4395.0,293597.311827957,799.8387096774194
Camillo,Camillo,-32.11432209717949,116.00028876666666,762.0,298089.74358974356,698.9487179487179
Canning Vale,Canning Vale,-32.08412916021428,115.92609671,7011.0,592426.3428571429,708.2714285714286
Cannington,Cannington,-32.01271771267606,115.93621951267606,5227.0,424927.88732394367,638.5070422535211
Carabooda,Carabooda,-31.602527316666666,115.71994234166668,5524.0,793291.6666666666,42082.583333333336
Cardup,Cardup,-32.249081825384614,115.97607284423076,15144.0,696769.2307692308,16859.076923076922
Carine,Carine,-31.851640050884956,115.77983940088497,2661.0,810248.2300884955,739.2389380530974
Carlisle,Carlisle,-31.978849380833335,115.9181426375,4509.0,545733.3333333334,520.6388888888889
Carmel,Carmel,-32.01940310306122,116.09277936122449,12890.0,604010.2040816327,18577.34693877551
Carramar,Carramar,-31.706800400416665,115.78812190416667,4433.0,525520.6547619047,769.6904761904761
Casuarina,Casuarina,-32.23571846854839,115.87457118064516,10346.0,587005.6290322581,14133.90322580645
Caversham,Caversham,-31.867065507264957,115.96568434957264,3064.0,478820.5128205128,1133.6410256410256
Champion Lakes,Champion Lakes,-32.11550874430894,115.99142378292683,264.0,399495.9349593496,1752.5853658536585
Chidlow,Chidlow,-31.85227657228261,116.26736321847825,1310.0,499861.4130434783,12288.652173913044
Churchlands,Churchlands,-31.922145858956522,115.79308992956523,3546.0,1315556.5217391304,878.7130434782608
City Beach,City Beach,-31.926282914244602,115.76441370215827,873.0,1644610.6618705036,858.2374100719425
Claremont,Claremont,-31.980377986,115.78390222363636,2813.0,1291068.8727272728,569.5272727272727
Clarkson,Clarkson,-31.684721742,115.72584720750001,2482.0,372570.83125,998.18125
Cloverdale,Cloverdale,-31.961923836666667,115.94603688939394,4064.0,439909.0909090909,654.030303030303
Cockburn Central,Cockburn Central,-32.12643537272728,115.84965283636365,8311.0,492742.42424242425,1185.3030303030303
Como,Como,-31.99760020425926,115.86582760555555,1048.0,971039.8148148148,735.5555555555555
Connolly,Connolly,-31.748376136635514,115.75046118037383,2356.0,718899.5327102804,747.1121495327103
Coogee,Coogee,-32.11906217172131,115.77197783196722,949.0,784321.3114754099,668.1065573770492
Coolbellup,Coolbellup,-32.080680355862064,115.80629017701149,4370.0,478557.4712643678,641.2068965517242
Coolbinia,Coolbinia,-31.91444444357664,115.85360806350366,4914.0,1139125.5474452556,771.021897810219
Cooloongup,Cooloongup,-32.29593063203125,115.7595688703125,3029.0,288258.984375,734.03125
Cottesloe,Cottesloe,-31.992449803913047,115.76015221014492,812.0,1646283.3333333333,622.6521739130435
Craigie,Craigie,-31.78624905724138,115.76541882068966,2993.0,448568.9655172414,801.6436781609195
Crawley,Crawley,-31.981948712631578,115.81796947368422,2364.0,963052.6315789474,490.3157894736842
Currambine,Currambine,-31.73284114316456,115.74595648607595,2411.0,543477.8481012658,683.1518987341772
Daglish,Daglish,-31.951355132553193,115.81006663297873,3728.0,1049244.680851064,688.2765957446809
Dalkeith,Dalkeith,-31.995386518873236,115.79893862957745,1124.0,1961921.704225352,950.4647887323944
Darch,Darch,-31.81270534695876,115.84577230773196,9522.0,573178.030927835,546.2422680412371
Darling Downs,Darling Downs,-32.19351309054545,115.99660002363636,8916.0,861818.1818181818,20804.054545454546
Darlington,Darlington,-31.914795896875,116.076839309375,8651.0,705283.203125,2536.3984375
Dayton,Dayton,-31.857350152539684,115.97129441269841,3751.0,444976.1904761905,373.1111111111111
Dianella,Dianella,-31.88884512984375,115.87493577812499,6458.0,670558.59375,640.125
Doubleview,Doubleview,-31.895718360864194,115.7822740382716,2539.0,843024.6913580247,505.39506172839504
Duncraig,Duncraig,-31.832138717666666,115.77650757777778,2622.0,718932.2222222222,707.8111111111111
East Cannington,East Cannington,-32.00914140141509,115.9578054009434,7296.0,510370.2358490566,798.1698113207547
East Fremantle,East Fremantle,-32.040887040303026,115.76712200505051,611.0,1125906.5656565656,806.040404040404
East Perth,East Perth,-31.952594983,115.87450114999999,657.0,534500.0,1311.9
East Victoria Park,East Victoria Park,-31.989096382025316,115.90217833417721,4173.0,650207.4430379746,515.2658227848101
Eden Hill,Eden Hill,-31.89138834666667,115.94467344270834,3327.0,467283.3333333333,905.5625
Edgewater,Edgewater,-31.764898097207208,115.78415647117117,5020.0,557895.9459459459,776.5315315315315
Eglinton,Eglinton,-31.596910656029408,115.66909472352941,1550.0,395904.4117647059,667.6470588235294
Ellenbrook,Ellenbrook,-31.77579782598592,115.97143922676055,12464.0,381492.95774647885,550.1549295774648
Embleton,Embleton,-31.902956959157894,115.90895232210526,3335.0,525409.4736842106,579.9894736842106
Ferndale,Ferndale,-32.030815211764704,115.92539471092437,3997.0,459460.08403361344,1018.8403361344538
Floreat,Floreat,-31.938650937177417,115.79427255241936,3687.0,1474612.9032258065,797.1451612903226
Forrestdale,Forrestdale,-32.15466498925926,115.93547820185185,7051.0,663029.3148148148,9841.537037037036
Forrestfield,Forrestfield,-31.983316780000003,116.00528473913043,9057.0,417260.8695652174,842.5217391304348
Fremantle,Fremantle,-32.054379128225804,115.76137822258065,1175.0,854387.0967741936,547.7258064516129
Gidgegannup,Gidgegannup,-31.800014967857145,116.19020217857144,8208.0,793422.619047619,73046.72619047618
Girrawheen,Girrawheen,-31.840998914431818,115.83951430681819,8328.0,318077.2727272727,1304.25
Glen Forrest,Glen Forrest,-31.9106297302459,116.10409884590165,10980.0,643776.2295081967,4186.401639344263
Glendalough,Glendalough,-31.919427154166666,115.81986510416668,5336.0,454541.6666666667,5171.541666666667
Gnangara,Gnangara,-31.778504827032965,115.85657811208792,11651.0,788211.5384615385,13257.197802197803
Golden Bay,Golden Bay,-32.426055815714285,115.76009130285715,1077.0,408950.0,842.1428571428571
Gooseberry Hill,Gooseberry Hill,-31.95357721992308,116.04674886307693,8998.0,861057.6923076923,3129.0615384615385
Gosnells,Gosnells,-32.08023839382716,115.99045397407406,2980.0,301024.6913580247,709.5679012345679
Greenmount,Greenmount,-31.89786195330827,116.05021490676691,5695.0,511276.3157894737,1405.9248120300751
Greenwood,Greenwood,-31.827727506548673,115.8043611221239,5293.0,515057.5221238938,727.4159292035398
Guildford,Guildford,-31.898735663892616,115.97523892348994,1453.0,758922.8187919463,751.2214765100671
Gwelup,Gwelup,-31.87009642793296,115.79619843854748,4137.0,860516.7597765363,541.2625698324023
Hamersley,Hamersley,-31.850250267881353,115.81147422203391,5648.0,562576.7372881356,738.7457627118644
Hamilton Hill,Hamilton Hill,-32.08332180692308,115.78334968076923,2673.0,500102.5641025641,780.0769230769231
Hammond Park,Hammond Park,-32.1650837465,115.848547927,7186.0,532202.3,745.27
Harrisdale,Harrisdale,-32.12072124859154,115.93006552957746,5914.0,549923.3169014085,507.90140845070425
Haynes,Haynes,-32.15854095964912,115.98846069122807,5040.0,261135.9649122807,2425.9824561403507
Hazelmere,Hazelmere,-31.903230316962027,115.99330523164556,1716.0,480822.7848101266,4117.772151898735
Heathridge,Heathridge,-31.7630048344,115.75816824719999,2707.0,462240.4,695.016
Helena Valley,Helena Valley,-31.916088259813662,116.03347865962733,5099.0,607236.0248447205,1774.7080745341616
Henley Brook,Henley Brook,-31.800542107227724,115.97719432376239,9670.0,609600.9752475248,4097.297029702971
Herne Hill,Herne Hill,-31.828524014910716,116.02918368214286,7402.0,599974.1071428572,16900.25
High Wycombe,High Wycombe,-31.939136074203823,116.00540898471338,5846.0,434579.6178343949,686.5859872611464
Highgate,Highgate,-31.940179821351354,115.87075834054055,1643.0,795231.2162162162,864.1081081081081
Hilbert,Hilbert,-32.173239385,115.98647525263158,6679.0,485605.2631578947,1282.1052631578948
Hillarys,Hillarys,-31.80790077151079,115.7439359733813,1225.0,931422.3021582734,674.6618705035971
Hillman,Hillman,-32.28354384520231,115.76431414508671,2874.0,302493.6416184971,732.1734104046243
Hilton,Hilton,-32.06800965775281,115.78571978539325,2045.0,551791.6067415731,618.9213483146067
Hocking,Hocking,-31.770291743480662,115.8188468441989,8199.0,502000.0,602.4198895027624
Hope Valley,Hope Valley,-32.185508725,115.8222867,4406.0,450416.6666666667,18442.5
Hopeland,Hopeland,-32.37956717833333,115.88518595,13518.0,690138.8888888889,170973.33333333334
Hovea,Hovea,-31.8872512668,116.113513987,11555.0,578225.0,19098.48
Huntingdale,Huntingdale,-32.08181729413043,115.96414846195653,4303.0,400694.23913043475,642.5815217391304
Iluka,Iluka,-31.7355679375,115.73000709326924,1017.0,893258.1730769231,648.5769230769231
Inglewood,Inglewood,-31.91831578238938,115.88475697876106,3735.0,816596.4601769912,536.7256637168142
Innaloo,Innaloo,-31.891030463448274,115.79427612586207,3689.0,553670.4827586206,364.9310344827586
Jandabup,Jandabup,-31.74448475384615,115.84669127692308,9988.0,594807.6923076923,28412.5
Jandakot,Jandakot,-32.10324599881988,115.85559082236026,6847.0,728764.7888198758,1931.472049689441
Jane Brook,Jane Brook,-31.863077686934673,116.05166467236182,6290.0,507041.2110552764,689.8140703517588
Jarrahdale,Jarrahdale,-32.33773296948276,116.05452032413794,25583.0,543307.7586206896,6955.456896551724
Jindalee,Jindalee,-31.64600499470588,115.6912730019608,881.0,615225.4901960784,509.9901960784314
Jolimont,Jolimont,-31.9460320647541,115.80991543278688,4049.0,1051971.31147541,834.983606557377
Joondalup,Joondalup,-31.73017694038835,115.76544502135921,4228.0,518152.52427184465,732.5339805825242
Joondanna,Joondanna,-31.910130118271606,115.8374610382716,5595.0,622350.0,590.9382716049382
Kalamunda,Kalamunda,-31.97867435892857,116.0533017904762,11669.0,678357.1428571428,1908.547619047619
Kallaroo,Kallaroo,-31.789908018085107,115.74503441914894,1101.0,808333.3333333334,760.5673758865248
Karawara,Karawara,-32.007827679938266,115.88227834074074,2041.0,671221.8271604938,617.395061728395
Kardinya,Kardinya,-32.06471596703125,115.815967240625,4203.0,669812.421875,704.671875
Karnup,Karnup,-32.42230481787879,115.7834566439394,3312.0,668196.9545454546,13890.727272727272
Karragullen,Karragullen,-32.10051282738095,116.1110623452381,10383.0,459440.4761904762,24717.785714285714
Karrinyup,Karrinyup,-31.873788977982457,115.77959590350878,2568.0,962296.052631579,622.6228070175439
Kelmscott,Kelmscott,-32.11919388982301,116.01999866106195,2323.0,371619.4690265487,2058.380530973451
Kensington,Kensington,-31.98316108571429,115.88145175037593,2120.0,937639.7593984962,627.8496240601504
Kenwick,Kenwick,-32.03604266668965,115.98197921586207,7922.0,396961.56551724137,999.7241379310345
Kewdale,Kewdale,-31.97416899782051,115.93401359230768,4908.0,519197.4358974359,681.8589743589744
Keysbrook,Keysbrook,-32.45734951375,116.0007063375,23531.0,839375.0,116399.25
Kiara,Kiara,-31.882549448778626,115.93835833740458,4324.0,430374.0458015267,614.8931297709923
Kingsley,Kingsley,-31.81021527225,115.7967923525,5316.0,580737.5,699.6375
Kinross,Kinross,-31.717658284954958,115.73876552432432,2360.0,499761.26126126124,628.3963963963964
Koondoola,Koondoola,-31.842426598507462,115.86213030970148,10452.0,383222.2089552239,722.3656716417911
Koongamia,Koongamia,-31.906962005255473,116.04243095985402,5311.0,282938.299270073,740.3576642335767
Kwinana Beach,Kwinana Beach,-32.24665,115.7886,2778.0,170000.0,92333.0
Kwinana Town Centre,Kwinana Town Centre,-32.24240453411765,115.81525577058824,5214.0,185598.32352941178,203.7941176470588
Landsdale,Landsdale,-31.8086375314966,115.8631450292517,11227.0,550626.5238095238,570.0612244897959
Langford,Langford,-32.04033102631206,115.94081812056739,5634.0,409677.304964539,646.6737588652483
Lathlain,Lathlain,-31.96804461791045,115.90633020149254,2884.0,727179.104477612,638.7164179104477
Leda,Leda,-32.264222290563374,115.80608446338029,4975.0,336838.1971830986,588.2535211267606
Leederville,Leederville,-31.930383201818184,115.84164258636362,3326.0,859113.6363636364,402.0
Leeming,Leeming,-32.07410229019608,115.86604840392157,3658.0,710463.725490196,722.3039215686274
Lesmurdie,Lesmurdie,-32.00104406281818,116.05323803909091,12593.0,663750.0,1699.418181818182
Lockridge,Lockridge,-31.882364674256756,115.94999793918919,3435.0,355016.1756756757,645.8986486486486
Lynwood,Lynwood,-32.039367766458334,115.92937016979165,4568.0,429633.3333333333,774.7083333333334
Maddington,Maddington,-32.051451017160495,115.99904421851852,6007.0,342135.8024691358,972.925925925926
Madeley,Madeley,-31.808714759506174,115.82637341419753,7921.0,588673.5432098765,590.0864197530864
Mahogany Creek,Mahogany Creek,-31.90566290352,116.1351155336,12661.0,453797.6,6162.36
Maida Vale,Maida Vale,-31.954045984999997,116.02052103546512,7853.0,595852.9069767442,2086.639534883721
Manning,Manning,-32.01347651742857,115.86957592642857,1780.0,846769.6428571428,626.7071428571429
Marangaroo,Marangaroo,-31.826816251391307,115.84144593565217,8756.0,415613.04347826086,841.3130434782609
Mardella,Mardella,-32.310094807666665,115.9764891,21802.0,542738.8333333334,33192.46666666667
Mariginiup,Mariginiup,-31.705711827403846,115.8420941548077,6282.0,716686.25,18534.80769230769
Marmion,Marmion,-31.841294651544118,115.75696236470588,652.0,1018099.2647058824,819.0367647058823
Martin,Martin,-32.07162555857143,116.01896651142857,4124.0,593307.1428571428,7405.328571428571
Maylands,Maylands,-31.93591924625,115.901631096875,1997.0,740132.5,641.859375
Medina,Medina,-32.23416310299145,115.8055053905983,4297.0,270912.4358974359,766.0940170940171
Melville,Melville,-32.0404568018,115.80158590900001,2775.0,802000.0,650.81
Menora,Menora,-31.91931798710692,115.86088888553459,4100.0,1182495.283018868,811.0817610062893
Merriwa,Merriwa,-31.66363729497462,115.71210158426396,2088.0,333588.7817258883,580.9035532994924
Middle Swan,Middle Swan,-31.87049232063492,116.01982192698412,3254.0,408144.45238095237,2184.5476190476193
Midland,Midland,-31.883251362321428,116.01211298035714,2005.0,423089.28571428574,1093.232142857143
Midvale,Midvale,-31.889116906923075,116.02485992197802,3176.0,356059.34065934067,884.3956043956044
Millendon,Millendon,-31.80842598057143,116.04029307142858,9863.0,684357.1428571428,28112.628571428573
Mindarie,Mindarie,-31.686348568970587,115.70787922745099,1089.0,723723.5294117647,646.8186274509804
Mirrabooka,Mirrabooka,-31.85708015571429,115.86548749473684,9784.0,402062.5714285714,672.8872180451128
Morley,Morley,-31.886629262295084,115.90601915081967,5132.0,469393.4426229508,655.983606557377
Mosman Park,Mosman Park,-32.014593783125,115.76384469791667,937.0,1382703.125,589.5833333333334
Mount Claremont,Mount Claremont,-31.96520092833333,115.78278860454544,2631.0,1279121.3106060605,842.9242424242424
Mount Hawthorn,Mount Hawthorn,-31.920096834455446,115.8358011782178,4583.0,997787.1782178218,491.9504950495049
Mount Helena,Mount Helena,-31.869701047278912,116.20978444421768,4554.0,551346.9387755102,8188.285714285715
Mount Lawley,Mount Lawley,-31.931162185694443,115.87534567777779,2368.0,1053083.3333333333,679.5833333333334
Mount Nasura,Mount Nasura,-32.13787466352459,116.02440722131148,4093.0,485498.7704918033,1392.8032786885246
Mount Pleasant,Mount Pleasant,-32.02864327216981,115.84842253773586,399.0,1211815.641509434,555.2264150943396
Mount Richon,Mount Richon,-32.15946765715447,116.02099497235771,5808.0,528277.8048780488,1824.7073170731708
Mullaloo,Mullaloo,-31.778516157196968,115.74458042954546,1118.0,741965.9090909091,747.7651515151515
Mundaring,Mundaring,-31.900630603361346,116.16738866890756,9750.0,650852.9411764706,5076.310924369748
Mundijong,Mundijong,-32.290451825666665,115.98429884916666,19669.0,391424.0833333333,4460.716666666666
Munster,Munster,-32.14977882,115.8106937,4834.0,1030000.0,20000.0
Murdoch,Murdoch,-32.06151202178218,115.8333911960396,3312.0,716685.0297029703,715.3267326732673
Myaree,Myaree,-32.03952830903226,115.81463029892474,3385.0,680854.8387096775,1308.0645161290322
Naval Base,Naval Base,-32.20141,115.78739,1362.0,1408000.0,2614.0
Nedlands,Nedlands,-31.97974747168317,115.80426547425742,2458.0,1639098.5148514851,816.4356435643564
Neerabup,Neerabup,-31.682505364285714,115.75450305714286,3489.0,702142.8571428572,32014.0
Nollamara,Nollamara,-31.880211449714288,115.84302286857142,8423.0,346071.4285714286,468.65714285714284
Noranda,Noranda,-31.87517180377551,115.89792402857142,6584.0,579954.081632653,772.6938775510204
North Beach,North Beach,-31.861981929647058,115.75904709058824,635.0,1018455.8823529412,618.8823529411765
North Coogee,North Coogee,-32.0958092,115.7619791153846,285.0,1136482.0512820513,845.9230769230769
North Fremantle,North Fremantle,-32.0316831452381,115.75569301746032,750.0,1213309.5238095238,598.6984126984127
North Lake,North Lake,-32.08131527390244,115.82783028048782,5325.0,619701.2195121951,712.4024390243902
North Perth,North Perth,-31.927230866984125,115.8534437047619,3527.0,850071.4285714285,418.42857142857144
Northbridge,Northbridge,-31.94531360363636,115.85687883636363,1585.0,721636.3636363636,647.5454545454545
O'Connor,O'Connor,-32.06201949,115.79271471428571,2069.0,491428.5714285714,599.1428571428571
Oakford,Oakford,-32.206468863424654,115.94298516027398,11334.0,848732.8767123288,18585.821917808218
Ocean Reef,Ocean Reef,-31.758482766122448,115.73718043367347,906.0,796583.1632653062,769.704081632653
Oldbury,Oldbury,-32.2607508015,115.90365221500001,13722.0,802864.65,99941.1
Orange Grove,Orange Grove,-32.03514921756757,116.01859464594595,7983.0,687878.3783783783,13184.81081081081
Orelia,Orelia,-32.23222756706767,115.82356847067669,5808.0,308589.962406015,687.6766917293234
Osborne Park,Osborne Park,-31.90016762027027,115.8257963027027,6630.0,503216.2162162162,816.4864864864865
Padbury,Padbury,-31.804638583292682,115.7667606012195,3172.0,551196.3414634146,695.0731707317074
Palmyra,Palmyra,-32.04370425291667,115.78621661250001,1526.0,687312.5,673.0833333333334
Parkerville,Parkerville,-31.87382274805085,116.13879197711864,11077.0,629889.8305084746,8443.737288135593
Parkwood,Parkwood,-32.046543992254904,115.91415912058824,3615.0,472941.8725490196,824.6078431372549
Parmelia,Parmelia,-32.245766109,115.826382839,6284.0,275728.0,696.97
Pearsall,Pearsall,-31.782122452265625,115.81881104062501,8057.0,489171.875,531.40625
Peppermint Grove,Peppermint Grove,-32.000370185,115.76403082499999,1167.0,1771982.142857143,1406.4642857142858
Piara Waters,Piara Waters,-32.13055971402062,115.9189859298969,7165.0,520371.13402061857,493.4845360824742
Pickering Brook,Pickering Brook,-32.037300637142856,116.12539024285715,13959.0,887857.1428571428,17003.85714285714
Port Kennedy,Port Kennedy,-32.36028842876623,115.75610007272728,1508.0,364402.5974025974,646.2207792207793
Queens Park,Queens Park,-32.00346528337662,115.9459222025974,6445.0,470305.1948051948,531.2207792207793
Quinns Rocks,Quinns Rocks,-31.662962412028982,115.6979502557971,791.0,506809.4347826087,650.1376811594203
Redcliffe,Redcliffe,-31.944311842519085,115.94719004122138,2579.0,466780.1526717557,556.6259541984733
Ridgewood,Ridgewood,-31.66137322319728,115.72190149387755,3045.0,404963.2653061224,514.9863945578231
Riverton,Riverton,-32.03513447883721,115.89720105581395,1583.0,672628.7209302326,609.1860465116279
Rivervale,Rivervale,-31.96024300181818,115.91571116,3289.0,594565.4545454546,756.1454545454545
Rockingham,Rockingham,-32.28613437037037,115.7325961802469,1255.0,430706.18518518517,807.6913580246913
Roleystone,Roleystone,-32.11753218009174,116.07482919174312,7071.0,603173.3944954128,5783.275229357798
Rossmoyne,Rossmoyne,-32.038917710363634,115.8682675890909,826.0,1165680.290909091,785.4454545454546
Safety Bay,Safety Bay,-32.30410161094737,115.73350653473685,684.0,441300.0,759.2736842105263
Salter Point,Salter Point,-32.022536146875,115.867235953125,942.0,1185205.859375,652.7578125
Samson,Samson,-32.070164914107146,115.79768528125,2980.0,576252.2321428572,748.7678571428571
Sawyers Valley,Sawyers Valley,-31.898646942016807,116.2039288210084,6963.0,477205.46218487393,12447.361344537816
Scarborough,Scarborough,-31.895570289107145,115.76938738392857,1322.0,718145.3214285715,640.5178571428571
Secret Harbour,Secret Harbour,-32.40616037548572,115.76029136457144,1403.0,483800.0,640.0057142857142
Serpentine,Serpentine,-32.36706142222222,115.97897115185185,22275.0,680432.0987654321,19947.086419753086
Seville Grove,Seville Grove,-32.13551157019608,115.98951016372548,2486.0,336509.8039215686,658.2254901960785
Shelley,Shelley,-32.030128587,115.885909135,385.0,961674.5833333334,697.4
Shenton Park,Shenton Park,-31.960365368333335,115.81268365357143,3139.0,1286936.1666666667,438.10714285714283
Shoalwater,Shoalwater,-32.29492117442105,115.71247983789473,890.0,483526.94736842107,749.0631578947368
Sinagra,Sinagra,-31.739632436709677,115.80515872258064,7629.0,465049.29032258067,1189.625806451613
Singleton,Singleton,-32.44365582565518,115.75614539931036,667.0,457285.2275862069,761.3448275862069
Sorrento,Sorrento,-31.827318230208334,115.754850453125,916.0,1025192.7083333334,1382.4895833333333
South Fremantle,South Fremantle,-32.06891256702381,115.75463666309523,468.0,1098303.7142857143,577.2857142857143
South Guildford,South Guildford,-31.90917172313333,115.98263080066667,2248.0,556700.0,678.0466666666666
South Lake,South Lake,-32.107426182910444,115.84072697313434,7332.0,440212.7388059702,685.9029850746268
South Perth,South Perth,-31.98124478222222,115.86870323333332,1024.0,1215011.111111111,1246.888888888889
Southern River,Southern River,-32.098983575299144,115.94902863162393,4358.0,573339.0256410256,604.957264957265
Spearwood,Spearwood,-32.10743676878788,115.78483366060605,2060.0,504893.9393939394,753.9545454545455
St James,St James,-31.99986432114286,115.90952491857142,3846.0,550075.0,744.0
Stirling,Stirling,-31.88632049395349,115.81390015813953,5599.0,826969.8682170543,587.9147286821706
Stoneville,Stoneville,-31.86736013181818,116.17001147,8038.0,607250.0,9552.6
Stratton,Stratton,-31.865815768166666,116.04093439666667,5244.0,337497.25,510.7583333333333
Subiaco,Subiaco,-31.949359522363636,115.82233384545454,2887.0,1238516.1636363636,581.0363636363636
Success,Success,-32.14462138818182,115.84917271363635,8178.0,526943.1818181818,586.2159090909091
Swan View,Swan View,-31.884078903908044,116.04916679195402,5477.0,436791.5747126437,984.0114942528736
Swanbourne,Swanbourne,-31.977456024579443,115.76853612149533,1334.0,1597306.168224299,551.5233644859813
Tapping,Tapping,-31.719522682317077,115.79668114085365,5879.0,489777.43902439025,595.2560975609756
The Vines,The Vines,-31.75693472657534,116.00458978698632,14468.0,675656.506849315,1825.3287671232877
Thornlie,Thornlie,-32.064131483749996,115.95353746666666,6371.0,407145.8333333333,696.6041666666666
Trigg,Trigg,-31.873573832068967,115.75822935344829,558.0,1236051.3620689656,726.2155172413793
Tuart Hill,Tuart Hill,-31.89940592465116,115.83571528604651,6790.0,540441.8604651163,674.3488372093024
Two Rocks,Two Rocks,-31.495642229041096,115.60378817671233,1710.0,464452.05479452055,2779.986301369863
Upper Swan,Upper Swan,-31.76892750642857,116.0290247107143,13563.0,615107.1785714285,18007.25
Victoria Park,Victoria Park,-31.97661260734694,115.89588611224491,3013.0,691734.693877551,440.0408163265306
Viveash,Viveash,-31.878117891842102,115.99934175394736,1238.0,466968.75,1710.4342105263158
Waikiki,Waikiki,-32.31582934592593,115.75554309777777,1556.0,381518.51851851854,643.3407407407408
Walliston,Walliston,-31.9957903238,116.06961942,13786.0,417640.0,1548.54
Wandi,Wandi,-32.191489827532465,115.86287103766234,8235.0,528811.6883116884,3586.7922077922076
Wangara,Wangara,-31.79494028,115.8408721,9807.0,1375000.0,1320.0
Wanneroo,Wanneroo,-31.760218721900827,115.8088447231405,7415.0,526638.7107438017,1246.0495867768595
Warnbro,Warnbro,-32.33787717751773,115.75669811347518,1186.0,377907.7943262411,804.8014184397163
Warwick,Warwick,-31.838974450789472,115.80474926666666,5092.0,584821.5,726.7982456140351
Waterford,Waterford,-32.01484572404255,115.88908132340426,1383.0,1030013.0425531915,690.5212765957447
Watermans Bay,Watermans Bay,-31.849514451287128,115.75557943861385,372.0,1146244.5544554456,780.2277227722773
Wattle Grove,Wattle Grove,-32.000878493636364,115.9882199509091,9805.0,541745.6848484848,766.0545454545454
Wattleup,Wattleup,-32.16848739411765,115.81431667058824,4021.0,757156.8235294118,12730.764705882353
Wellard,Wellard,-32.26411343481482,115.83714848765432,7723.0,447592.25925925927,3421.0864197530864
Welshpool,Welshpool,-31.99353,115.91866,4944.0,465000.0,655.0
Wembley,Wembley,-31.933414848793102,115.81530987931035,4447.0,1090362.0689655172,614.0689655172414
Wembley Downs,Wembley Downs,-31.915521048737865,115.77391276019416,1734.0,1081354.6213592233,667.6407766990292
West Leederville,West Leederville,-31.93840176967742,115.83318628548388,2890.0,1232016.1290322582,421.2096774193548
West Perth,West Perth,-31.94403735142857,115.84731384285715,1722.0,665809.5238095238,881.5714285714286
West Swan,West Swan,-31.8495301596875,115.9886237375,4153.0,801812.5,11773.09375
Westminster,Westminster,-31.86749837574468,115.83899737234043,8182.0,363702.12765957444,675.0425531914893
White Gum Valley,White Gum Valley,-32.060489348313254,115.77005047349397,938.0,753542.156626506,579.5421686746988
Willagee,Willagee,-32.0516549446988,115.80389706506023,2845.0,582990.9638554216,592.6385542168674
Willetton,Willetton,-32.05521921894737,115.88884552982456,3068.0,708269.9649122807,733.9122807017544
Wilson,Wilson,-32.019859874677415,115.91128760967742,2743.0,569995.4516129033,683.7741935483871
Winthrop,Winthrop,-32.05187393819445,115.82634484861111,3332.0,935383.8611111111,752.8055555555555
Woodbridge,Woodbridge,-31.891836221573033,115.99493654831461,581.0,587277.1460674157,714.7528089887641
Woodlands,Woodlands,-31.90787477142857,115.79124580879122,3366.0,1108093.2747252746,673.9010989010989
Woodvale,Woodvale,-31.78957984772727,115.79210882727271,5536.0,646490.2045454546,679.2272727272727
Wooroloo,Wooroloo,-31.801048308064516,116.3114404483871,7844.0,411677.4193548387,24271.387096774193
Wungong,Wungong,-32.18158974944444,116.01452027222223,7872.0,670465.0,13261.222222222223
Yanchep,Yanchep,-31.54404212625,115.63809292291667,1452.0,390656.25,583.0
Yangebup,Yangebup,-32.12282663477064,115.81148382477065,4693.0,470266.0550458716,665.8073394495412
Yokine,Yokine,-31.89860067319149,115.8496110531915,6630.0,636718.085106383,539.936170212766
